epoch,time(s),train_loss,test_loss,test_error(%),gram_auroc
001,00384,25.131802,0.00000,13.65,0.99
002,00382,25.116158,0.00000,11.81,0.99
003,00383,25.105179,0.00000,11.47,0.99
004,00384,25.125630,0.00000,13.50,0.97
005,00386,25.125194,0.00000,10.94,0.97
006,00384,25.107694,0.00000,11.57,0.98
007,00387,25.104541,0.00000,13.46,0.98
008,00355,2.267274,0.00000,88.47,0.07
009,00385,0.961540,0.00000,71.10,0.17
