epoch,time(s),train_loss,test_loss,test_error(%),gram_auroc
001,00388,0.349259,0.00000,25.04,0.95
004,00386,0.303758,0.00000,27.55,0.95
007,00382,0.315433,0.00000,24.50,0.95
010,00388,0.393686,0.00000,28.81,0.94
013,00386,0.310939,0.00000,26.36,0.96
016,00386,0.282035,0.00000,23.95,0.96
019,00472,0.747391,0.00000,64.89,0.59
022,00376,0.566414,0.00000,46.53,0.88
